customer_id,city,avg_spend,risk_segment
0,Delhi,1940,Low
1,Delhi,1570,High
2,Pune,4191,Medium
3,Delhi,3941,High
4,Hyderabad,3023,Medium
5,Hyderabad,1810,Medium
6,Delhi,4854,Medium
7,Delhi,1939,Medium
8,Hyderabad,1205,High
9,Chennai,4462,High
10,Delhi,4675,High
11,Chennai,1060,Low
12,Delhi,4701,Low
13,Chennai,2068,High
14,Hyderabad,963,Low
15,Mumbai,3131,High
16,Pune,1550,Low
17,Hyderabad,822,Medium
18,Mumbai,1850,Medium
19,Bangalore,3834,High
20,Pune,4228,High
21,Mumbai,1796,High
22,Hyderabad,2266,High
23,Pune,4018,Low
24,Hyderabad,4458,Medium
25,Delhi,2306,High
26,Delhi,811,High
27,Delhi,1887,Low
28,Chennai,750,Medium
29,Chennai,2385,Medium
30,Pune,3749,Medium
31,Pune,3640,High
32,Hyderabad,705,High
33,Chennai,3632,Low
34,Bangalore,4659,High
35,Chennai,3745,Low
36,Chennai,4944,High
37,Bangalore,2387,Medium
38,Delhi,2355,Medium
39,Bangalore,3216,High
40,Pune,4027,Low
41,Chennai,2215,Medium
42,Chennai,2223,Medium
43,Delhi,504,Medium
44,Hyderabad,3429,Medium
45,Delhi,3376,Low
46,Bangalore,3030,Medium
47,Hyderabad,1612,High
48,Bangalore,3258,Low
49,Hyderabad,2812,Low
50,Bangalore,2890,Low
51,Delhi,4923,Low
52,Hyderabad,1652,Medium
53,Bangalore,2668,Medium
54,Pune,2289,High
55,Pune,1527,Medium
56,Pune,4373,High
57,Hyderabad,4648,Low
58,Hyderabad,4869,Low
59,Pune,923,Low
60,Bangalore,3208,Low
61,Mumbai,3831,High
62,Mumbai,880,Medium
63,Chennai,4104,Medium
64,Pune,1211,High
65,Hyderabad,2895,High
66,Hyderabad,906,Medium
67,Hyderabad,1259,Medium
68,Chennai,3454,High
69,Mumbai,4374,Medium
70,Chennai,4943,Low
71,Delhi,3552,Low
72,Chennai,3621,Low
73,Mumbai,3583,Medium
74,Mumbai,3103,Medium
75,Bangalore,4963,High
76,Mumbai,2620,High
77,Delhi,663,Medium
78,Delhi,4361,Low
79,Bangalore,1456,High
80,Mumbai,2948,High
81,Delhi,897,Medium
82,Bangalore,995,Medium
83,Delhi,1064,Low
84,Bangalore,1729,Low
85,Hyderabad,1246,Medium
86,Hyderabad,3336,Medium
87,Delhi,2210,Medium
88,Pune,3851,Low
89,Bangalore,4675,High
90,Pune,3531,High
91,Chennai,1948,Low
92,Mumbai,3940,High
93,Bangalore,1407,High
94,Pune,4632,Low
95,Pune,3049,Medium
96,Bangalore,3422,Low
97,Bangalore,1479,Medium
98,Delhi,862,Medium
99,Mumbai,570,Medium
100,Bangalore,4257,Low
101,Bangalore,3685,Low
102,Delhi,888,Low
103,Mumbai,4200,Medium
104,Mumbai,1603,High
105,Hyderabad,3850,Low
106,Chennai,723,Medium
107,Chennai,2832,High
108,Chennai,3589,Medium
109,Delhi,1799,Medium
110,Pune,2706,Medium
111,Mumbai,997,Low
112,Bangalore,2736,Medium
113,Mumbai,3396,Medium
114,Chennai,1494,High
115,Chennai,2700,High
116,Bangalore,1355,High
117,Chennai,2262,High
118,Hyderabad,3966,Low
119,Mumbai,3267,High
120,Mumbai,1479,Medium
121,Mumbai,2984,Medium
122,Bangalore,1105,High
123,Bangalore,2801,Medium
124,Bangalore,1955,Low
125,Mumbai,4778,High
126,Delhi,4538,High
127,Hyderabad,2006,Low
128,Bangalore,3727,High
129,Mumbai,835,Low
130,Chennai,1544,Medium
131,Delhi,928,Low
132,Pune,545,High
133,Delhi,651,Low
134,Bangalore,3611,High
135,Hyderabad,504,Low
136,Bangalore,919,High
137,Bangalore,882,Medium
138,Delhi,1017,Medium
139,Pune,4426,Low
140,Chennai,3596,High
141,Chennai,4009,Low
142,Delhi,3653,Medium
143,Chennai,1237,Low
144,Pune,4175,Medium
145,Delhi,2809,High
146,Chennai,4131,Medium
147,Chennai,3689,High
148,Pune,1953,Low
149,Chennai,4946,Medium
150,Chennai,2726,Medium
151,Bangalore,2355,Medium
152,Chennai,4273,High
153,Chennai,1603,Medium
154,Mumbai,1488,High
155,Pune,2552,High
156,Pune,2020,High
157,Delhi,3015,High
158,Chennai,3926,Medium
159,Chennai,4596,High
160,Chennai,888,Low
161,Delhi,952,Medium
162,Bangalore,3074,Low
163,Pune,3151,High
164,Pune,2546,Medium
165,Pune,2847,High
166,Pune,1877,Low
167,Pune,1230,Low
168,Bangalore,1998,Low
169,Chennai,2126,Low
170,Bangalore,1029,High
171,Pune,1090,Low
172,Hyderabad,4745,High
173,Hyderabad,1840,Low
174,Chennai,4689,High
175,Delhi,1677,Low
176,Chennai,1741,Low
177,Hyderabad,1508,Low
178,Pune,4828,Medium
179,Chennai,3010,Medium
180,Bangalore,4983,Low
181,Mumbai,2234,Low
182,Bangalore,2190,High
183,Pune,4569,High
184,Pune,1697,High
185,Delhi,2052,Low
186,Chennai,1092,Medium
187,Delhi,4827,Medium
188,Chennai,4931,Low
189,Delhi,2769,High
190,Hyderabad,4690,Low
191,Chennai,2157,High
192,Delhi,2973,Medium
193,Pune,4596,Low
194,Bangalore,4112,Low
195,Pune,2622,Medium
196,Delhi,4501,Low
197,Pune,851,Low
198,Hyderabad,2378,High
199,Chennai,1214,Medium
200,Pune,2906,Medium
201,Chennai,1354,Low
202,Bangalore,3232,Medium
203,Delhi,4246,Low
204,Chennai,1540,High
205,Chennai,4963,Low
206,Mumbai,1183,Low
207,Chennai,2713,High
208,Chennai,828,High
209,Delhi,4578,High
210,Bangalore,594,Medium
211,Chennai,523,High
212,Pune,3429,Medium
213,Pune,660,High
214,Bangalore,4661,High
215,Chennai,3094,Low
216,Hyderabad,1095,Medium
217,Pune,1313,High
218,Bangalore,4770,Low
219,Chennai,4015,High
220,Pune,3825,Medium
221,Bangalore,4573,High
222,Hyderabad,1518,Medium
223,Hyderabad,2185,High
224,Delhi,1603,Low
225,Hyderabad,1518,High
226,Delhi,1611,Low
227,Hyderabad,725,Medium
228,Delhi,657,High
229,Pune,3028,Medium
230,Pune,3924,Medium
231,Pune,1203,Medium
232,Mumbai,4895,Medium
233,Bangalore,1926,High
234,Chennai,1660,Low
235,Delhi,3209,Low
236,Pune,3087,High
237,Delhi,2682,High
238,Mumbai,1521,High
239,Hyderabad,1459,High
240,Mumbai,2121,Medium
241,Hyderabad,2538,Medium
242,Bangalore,2764,Low
243,Pune,1451,Medium
244,Mumbai,1917,Low
245,Bangalore,4866,Medium
246,Bangalore,4347,High
247,Chennai,4189,Low
248,Bangalore,1160,Low
249,Hyderabad,904,High
250,Pune,3700,Low
251,Bangalore,4220,High
252,Chennai,4686,Low
253,Bangalore,4369,Low
254,Chennai,3202,Medium
255,Hyderabad,2721,Medium
256,Hyderabad,1262,Medium
257,Pune,2577,Low
258,Delhi,1716,Medium
259,Mumbai,583,High
260,Delhi,4729,Medium
261,Pune,2843,High
262,Bangalore,2725,Medium
263,Chennai,1108,High
264,Hyderabad,3112,Low
265,Hyderabad,3734,Medium
266,Pune,2351,High
267,Delhi,1513,Medium
268,Chennai,3519,High
269,Chennai,687,High
270,Mumbai,2792,Low
271,Mumbai,3423,Low
272,Hyderabad,2585,High
273,Hyderabad,2821,Medium
274,Mumbai,1196,Low
275,Bangalore,4482,Low
276,Bangalore,3068,Medium
277,Bangalore,1561,High
278,Bangalore,1903,Medium
279,Chennai,4698,Low
280,Mumbai,1660,Low
281,Chennai,1724,Medium
282,Bangalore,2539,Medium
283,Bangalore,716,Medium
284,Bangalore,3900,Medium
285,Delhi,769,High
286,Hyderabad,3901,High
287,Hyderabad,3495,High
288,Pune,3932,High
289,Delhi,751,Low
290,Chennai,2697,Low
291,Hyderabad,3612,Low
292,Chennai,4826,Low
293,Bangalore,3455,Medium
294,Pune,2925,Low
295,Bangalore,2241,Medium
296,Hyderabad,1198,High
297,Chennai,1259,High
298,Pune,3053,Low
299,Pune,3063,Low
300,Pune,844,Low
301,Delhi,3955,High
302,Chennai,503,Medium
303,Pune,2969,Low
304,Hyderabad,529,High
305,Mumbai,3550,Low
306,Mumbai,2587,Medium
307,Chennai,4184,High
308,Chennai,961,Low
309,Bangalore,4886,Medium
310,Mumbai,2153,High
311,Pune,1237,Low
312,Delhi,2717,Medium
313,Chennai,3980,Low
314,Chennai,4380,Low
315,Chennai,561,Low
316,Pune,4040,Medium
317,Chennai,2848,Medium
318,Hyderabad,2190,Medium
319,Bangalore,1732,Low
320,Chennai,4363,High
321,Chennai,1983,Low
322,Pune,3983,Low
323,Delhi,710,High
324,Mumbai,1163,Low
325,Hyderabad,807,Medium
326,Chennai,1956,High
327,Mumbai,3687,Low
328,Chennai,2886,Low
329,Hyderabad,3980,Medium
330,Bangalore,3291,Medium
331,Pune,4833,High
332,Pune,1569,Low
333,Pune,669,High
334,Chennai,927,Low
335,Hyderabad,871,High
336,Mumbai,1982,Low
337,Chennai,2457,High
338,Bangalore,4906,Low
339,Mumbai,997,Medium
340,Chennai,3302,High
341,Mumbai,643,Low
342,Bangalore,1136,High
343,Mumbai,4715,Medium
344,Pune,1029,Low
345,Delhi,3168,Low
346,Chennai,1345,Medium
347,Bangalore,4738,Medium
348,Mumbai,3729,Low
349,Delhi,1755,Medium
350,Delhi,3771,Medium
351,Chennai,3140,Medium
352,Mumbai,957,Low
353,Chennai,2950,High
354,Mumbai,4126,High
355,Bangalore,844,High
356,Bangalore,2498,High
357,Hyderabad,3150,Medium
358,Chennai,1400,Medium
359,Bangalore,1029,Low
360,Delhi,575,Low
361,Chennai,4576,High
362,Hyderabad,4561,Medium
363,Mumbai,1569,Medium
364,Bangalore,1689,Low
365,Bangalore,3543,Medium
366,Bangalore,2003,High
367,Chennai,3820,Low
368,Hyderabad,3500,High
369,Pune,1901,High
370,Delhi,2434,High
371,Pune,4407,High
372,Chennai,1318,Low
373,Bangalore,2834,High
374,Delhi,3276,Medium
375,Bangalore,1120,Medium
376,Delhi,3358,Low
377,Delhi,667,High
378,Hyderabad,2848,Low
379,Bangalore,3257,Medium
380,Pune,3945,Medium
381,Bangalore,4210,Low
382,Pune,2985,Medium
383,Pune,4828,Low
384,Hyderabad,4680,Medium
385,Delhi,3108,Low
386,Bangalore,3204,High
387,Chennai,3261,High
388,Hyderabad,2659,Medium
389,Mumbai,3050,High
390,Pune,4146,Medium
391,Mumbai,4296,Medium
392,Chennai,1788,Medium
393,Hyderabad,3415,High
394,Chennai,2008,Low
395,Pune,2513,Medium
396,Pune,3039,High
397,Hyderabad,2400,Medium
398,Bangalore,2396,High
399,Mumbai,1235,Medium
400,Hyderabad,753,High
401,Pune,3553,High
402,Bangalore,1343,Medium
403,Chennai,1835,High
404,Bangalore,4772,Medium
405,Mumbai,4023,High
406,Bangalore,808,Low
407,Delhi,2064,Low
408,Chennai,2549,Low
409,Mumbai,2374,High
410,Bangalore,964,High
411,Delhi,4042,Low
412,Delhi,1621,Medium
413,Pune,1842,Low
414,Delhi,1483,Low
415,Bangalore,3951,High
416,Hyderabad,4064,High
417,Delhi,2728,High
418,Bangalore,4635,High
419,Bangalore,3170,Medium
420,Bangalore,883,High
421,Pune,2253,Low
422,Chennai,4306,High
423,Chennai,4180,Medium
424,Pune,846,High
425,Pune,3769,Low
426,Pune,4908,Medium
427,Hyderabad,1217,High
428,Chennai,619,Low
429,Pune,2353,Low
430,Hyderabad,3170,Medium
431,Bangalore,3682,High
432,Pune,4548,Medium
433,Bangalore,2501,High
434,Pune,2478,Medium
435,Bangalore,1753,Low
436,Mumbai,3377,Medium
437,Chennai,4778,High
438,Hyderabad,569,High
439,Pune,3178,Low
440,Mumbai,2789,Medium
441,Chennai,2944,High
442,Delhi,2593,Low
443,Hyderabad,864,Medium
444,Mumbai,4407,Medium
445,Pune,4479,Medium
446,Hyderabad,4004,Medium
447,Pune,1961,Medium
448,Mumbai,1562,High
449,Hyderabad,3520,Medium
450,Pune,3516,High
451,Bangalore,4356,Medium
452,Chennai,1080,Medium
453,Hyderabad,2546,Low
454,Chennai,4851,Low
455,Chennai,1136,High
456,Mumbai,2283,Medium
457,Bangalore,4424,Medium
458,Bangalore,1287,Low
459,Bangalore,2230,Low
460,Pune,3424,High
461,Bangalore,1246,Low
462,Bangalore,1772,Medium
463,Mumbai,1627,High
464,Pune,3603,Low
465,Bangalore,2490,Medium
466,Pune,1367,Medium
467,Delhi,4926,High
468,Delhi,2265,Medium
469,Bangalore,4906,High
470,Chennai,513,High
471,Chennai,3786,Medium
472,Chennai,3351,Medium
473,Hyderabad,3929,High
474,Mumbai,4104,High
475,Pune,1678,High
476,Bangalore,2870,High
477,Delhi,3422,High
478,Pune,4363,Low
479,Delhi,3605,Low
480,Pune,1150,Low
481,Hyderabad,1217,Low
482,Mumbai,2354,Medium
483,Pune,4838,Low
484,Hyderabad,3712,High
485,Delhi,3167,Low
486,Bangalore,3221,Low
487,Chennai,4040,High
488,Delhi,4635,Low
489,Mumbai,4990,Low
490,Chennai,2533,Medium
491,Bangalore,848,Low
492,Mumbai,1988,Low
493,Mumbai,2007,Medium
494,Hyderabad,3171,High
495,Chennai,2595,Low
496,Chennai,1832,High
497,Mumbai,4354,Medium
498,Pune,4729,High
499,Delhi,4275,Low
500,Bangalore,2325,Medium
501,Delhi,2575,High
502,Hyderabad,1176,High
503,Chennai,4989,Medium
504,Mumbai,738,Medium
505,Chennai,4932,Low
506,Bangalore,660,Medium
507,Bangalore,4626,Low
508,Mumbai,723,Low
509,Chennai,4248,Low
510,Pune,1782,Medium
511,Hyderabad,4502,Low
512,Pune,4608,Low
513,Chennai,834,Medium
514,Delhi,2563,High
515,Bangalore,1979,Low
516,Pune,1317,High
517,Pune,4053,Medium
518,Pune,996,Low
519,Mumbai,3198,Medium
520,Bangalore,4379,Low
521,Chennai,919,Low
522,Chennai,2946,Low
523,Pune,2899,High
524,Hyderabad,1943,Medium
525,Bangalore,1167,High
526,Pune,2755,High
527,Pune,2893,Low
528,Hyderabad,2964,Medium
529,Chennai,2866,High
530,Delhi,3388,Low
531,Delhi,4579,Low
532,Pune,3694,High
533,Chennai,1275,Low
534,Hyderabad,888,High
535,Pune,1579,High
536,Bangalore,3664,Medium
537,Pune,634,Low
538,Delhi,778,Low
539,Hyderabad,2624,Low
540,Chennai,2738,Low
541,Mumbai,3811,Low
542,Pune,2382,Medium
543,Bangalore,4578,High
544,Mumbai,3107,High
545,Bangalore,1265,Medium
546,Hyderabad,3930,Low
547,Delhi,2773,Medium
548,Mumbai,2227,Low
549,Pune,3626,High
550,Pune,2604,Medium
551,Hyderabad,1372,Medium
552,Pune,1450,Medium
553,Mumbai,2802,High
554,Delhi,1640,Low
555,Bangalore,3420,Low
556,Mumbai,4727,Low
557,Pune,4907,Low
558,Hyderabad,894,High
559,Bangalore,4986,Medium
560,Hyderabad,2632,High
561,Mumbai,4708,Medium
562,Bangalore,548,Low
563,Delhi,4450,High
564,Mumbai,2943,Medium
565,Pune,1807,Medium
566,Chennai,1510,High
567,Bangalore,4260,High
568,Bangalore,2037,High
569,Bangalore,4403,High
570,Hyderabad,1559,Medium
571,Mumbai,2145,Medium
572,Pune,4919,High
573,Mumbai,3411,Low
574,Chennai,4856,Low
575,Hyderabad,757,Medium
576,Bangalore,1476,Medium
577,Pune,1871,High
578,Pune,4411,High
579,Delhi,4717,High
580,Mumbai,2080,High
581,Pune,3698,High
582,Hyderabad,944,Low
583,Hyderabad,1846,Medium
584,Mumbai,4318,Low
585,Hyderabad,1896,High
586,Hyderabad,553,Medium
587,Pune,3546,Medium
588,Pune,2624,Low
589,Mumbai,1224,Low
590,Pune,4109,Medium
591,Hyderabad,2961,Medium
592,Delhi,4618,Low
593,Hyderabad,2560,Medium
594,Bangalore,4599,Low
595,Bangalore,740,High
596,Delhi,3946,Low
597,Hyderabad,4921,Low
598,Bangalore,4986,High
599,Delhi,2887,Medium
600,Delhi,4306,Medium
601,Hyderabad,4417,Medium
602,Hyderabad,3522,Low
603,Bangalore,4675,High
604,Hyderabad,3547,Low
605,Hyderabad,2149,Low
606,Delhi,3667,Medium
607,Bangalore,4202,Low
608,Mumbai,1668,High
609,Delhi,3394,Medium
610,Mumbai,4807,Medium
611,Bangalore,3964,Medium
612,Delhi,765,High
613,Bangalore,1571,High
614,Delhi,3335,Medium
615,Delhi,3807,High
616,Hyderabad,4170,Medium
617,Pune,4705,Low
618,Hyderabad,3821,Low
619,Delhi,1843,Low
620,Mumbai,4968,Medium
621,Bangalore,3146,Medium
622,Hyderabad,2788,High
623,Mumbai,2156,Medium
624,Chennai,2801,High
625,Mumbai,2256,High
626,Pune,536,Low
627,Mumbai,1953,High
628,Chennai,3213,High
629,Chennai,1642,Medium
630,Pune,3220,Medium
631,Mumbai,3108,High
632,Hyderabad,726,Low
633,Delhi,2761,Low
634,Pune,4496,Medium
635,Mumbai,786,Medium
636,Mumbai,948,High
637,Mumbai,942,Low
638,Bangalore,2492,High
639,Mumbai,1243,Medium
640,Mumbai,2547,High
641,Chennai,1066,Medium
642,Bangalore,4240,Medium
643,Hyderabad,636,Medium
644,Chennai,2453,Medium
645,Bangalore,4923,High
646,Mumbai,2976,Low
647,Delhi,1667,Medium
648,Mumbai,1424,Low
649,Hyderabad,2803,Medium
650,Hyderabad,4790,Medium
651,Mumbai,2569,Medium
652,Delhi,2320,Low
653,Bangalore,4578,Medium
654,Chennai,872,Low
655,Pune,4076,High
656,Delhi,1846,Medium
657,Mumbai,1213,High
658,Delhi,1120,Medium
659,Chennai,1424,Low
660,Mumbai,521,Low
661,Pune,808,Low
662,Delhi,2025,Medium
663,Hyderabad,4818,Medium
664,Bangalore,2095,High
665,Bangalore,4046,Low
666,Mumbai,1559,Medium
667,Bangalore,1372,Low
668,Mumbai,2263,High
669,Pune,4644,Low
670,Bangalore,3791,Medium
671,Hyderabad,1031,Medium
672,Pune,1458,High
673,Delhi,1335,Medium
674,Hyderabad,4017,High
675,Chennai,691,Low
676,Bangalore,2097,Low
677,Pune,4599,Medium
678,Mumbai,4651,High
679,Mumbai,2702,Medium
680,Hyderabad,2314,Medium
681,Delhi,4588,Medium
682,Hyderabad,2739,Medium
683,Mumbai,753,High
684,Hyderabad,4511,High
685,Pune,3240,Medium
686,Chennai,1071,Medium
687,Hyderabad,4673,High
688,Delhi,2353,Low
689,Delhi,4044,High
690,Hyderabad,753,High
691,Delhi,805,High
692,Mumbai,1621,Low
693,Bangalore,1538,High
694,Pune,1766,Low
695,Chennai,2315,Low
696,Delhi,3152,High
697,Delhi,3240,Low
698,Chennai,2454,Medium
699,Mumbai,1698,Medium
700,Bangalore,2610,High
701,Chennai,2156,Low
702,Hyderabad,1907,Low
703,Delhi,650,Low
704,Mumbai,4187,Low
705,Delhi,3627,Medium
706,Mumbai,2020,Medium
707,Bangalore,4385,High
708,Delhi,703,Medium
709,Delhi,1629,Low
710,Delhi,3039,Low
711,Mumbai,694,Medium
712,Delhi,771,High
713,Delhi,3653,Low
714,Pune,2944,Low
715,Delhi,1308,Medium
716,Delhi,1095,Low
717,Bangalore,4122,Medium
718,Mumbai,4347,High
719,Pune,1718,Low
720,Mumbai,855,Low
721,Chennai,2470,Medium
722,Hyderabad,720,Low
723,Bangalore,4544,Low
724,Delhi,2442,Medium
725,Mumbai,2617,High
726,Delhi,4000,Medium
727,Mumbai,835,High
728,Hyderabad,1452,High
729,Delhi,1025,High
730,Mumbai,4566,Low
731,Chennai,1784,High
732,Pune,3163,Medium
733,Hyderabad,3223,Low
734,Chennai,4659,High
735,Chennai,4004,Medium
736,Chennai,3344,Medium
737,Bangalore,4874,Low
738,Pune,2495,High
739,Mumbai,823,Medium
740,Pune,3916,Medium
741,Bangalore,2722,High
742,Chennai,1376,Medium
743,Chennai,2319,Low
744,Bangalore,4807,Medium
745,Delhi,3196,Low
746,Bangalore,1974,Low
747,Pune,2218,Medium
748,Hyderabad,2380,High
749,Bangalore,3345,Low
750,Bangalore,2779,Low
751,Delhi,2268,Medium
752,Mumbai,2275,High
753,Hyderabad,2816,Medium
754,Hyderabad,2413,Low
755,Delhi,4029,Low
756,Chennai,4391,Low
757,Chennai,4385,High
758,Bangalore,3225,Medium
759,Mumbai,3671,Low
760,Chennai,814,Medium
761,Chennai,1764,Low
762,Delhi,3575,Low
763,Bangalore,773,High
764,Chennai,671,Medium
765,Bangalore,4032,Low
766,Pune,1340,Medium
767,Pune,4750,Low
768,Delhi,3318,Medium
769,Bangalore,2038,Medium
770,Hyderabad,1597,High
771,Hyderabad,1493,High
772,Hyderabad,4138,High
773,Bangalore,3318,High
774,Mumbai,1494,High
775,Pune,774,Low
776,Bangalore,567,Low
777,Bangalore,4479,Medium
778,Bangalore,4218,High
779,Hyderabad,4107,High
780,Bangalore,3929,Medium
781,Hyderabad,4850,High
782,Delhi,2605,Low
783,Bangalore,1997,High
784,Chennai,4768,Low
785,Chennai,4441,Medium
786,Pune,3353,High
787,Chennai,3166,Low
788,Chennai,563,Low
789,Mumbai,807,Low
790,Delhi,2732,High
791,Pune,4375,Low
792,Chennai,2740,Medium
793,Pune,2443,Low
794,Mumbai,3817,Medium
795,Bangalore,3755,High
796,Mumbai,2159,Medium
797,Delhi,1922,Medium
798,Bangalore,1083,Medium
799,Chennai,2483,High
800,Hyderabad,1874,Low
801,Bangalore,1626,High
802,Hyderabad,4366,Medium
803,Hyderabad,927,Medium
804,Hyderabad,1650,Low
805,Mumbai,4653,Medium
806,Mumbai,2617,Low
807,Hyderabad,3216,High
808,Hyderabad,3489,High
809,Mumbai,4204,High
810,Bangalore,3800,Medium
811,Bangalore,1840,Low
812,Pune,3150,High
813,Delhi,3656,Medium
814,Delhi,2143,Low
815,Bangalore,1853,High
816,Delhi,3432,Medium
817,Mumbai,1955,Medium
818,Hyderabad,3077,High
819,Hyderabad,1320,Medium
820,Chennai,1736,High
821,Pune,4925,High
822,Mumbai,2639,Low
823,Hyderabad,2616,Medium
824,Bangalore,3998,Medium
825,Chennai,735,High
826,Hyderabad,2719,Low
827,Hyderabad,573,High
828,Chennai,2182,High
829,Delhi,2387,Low
830,Mumbai,663,Medium
831,Hyderabad,4868,Medium
832,Hyderabad,1926,High
833,Delhi,1415,Low
834,Bangalore,1935,Medium
835,Mumbai,1213,Medium
836,Pune,4421,Low
837,Delhi,3458,Low
838,Pune,3044,Low
839,Hyderabad,2232,High
840,Hyderabad,4975,High
841,Hyderabad,654,Medium
842,Chennai,3960,High
843,Chennai,3078,High
844,Pune,1068,Low
845,Mumbai,4554,Low
846,Mumbai,4545,Low
847,Pune,2382,Low
848,Mumbai,693,High
849,Hyderabad,566,High
850,Hyderabad,2857,High
851,Chennai,2426,High
852,Chennai,758,Medium
853,Delhi,1216,Low
854,Hyderabad,4692,Low
855,Pune,3718,Low
856,Pune,795,Medium
857,Pune,730,High
858,Hyderabad,502,Medium
859,Hyderabad,1577,Medium
860,Pune,791,High
861,Mumbai,3240,Low
862,Hyderabad,2299,Low
863,Bangalore,3745,Medium
864,Chennai,1541,Medium
865,Chennai,1224,High
866,Delhi,1754,Medium
867,Bangalore,2336,Low
868,Chennai,4541,Medium
869,Delhi,1840,High
870,Bangalore,1021,Medium
871,Mumbai,4693,Medium
872,Delhi,3579,Low
873,Hyderabad,923,Low
874,Pune,4552,Low
875,Pune,989,Medium
876,Bangalore,3215,Low
877,Chennai,4830,High
878,Hyderabad,1571,High
879,Pune,2766,Medium
880,Hyderabad,2282,High
881,Bangalore,1146,Low
882,Hyderabad,1898,Medium
883,Pune,2740,Medium
884,Delhi,526,Medium
885,Pune,4463,Medium
886,Bangalore,4414,Low
887,Bangalore,2146,Low
888,Chennai,4858,Medium
889,Hyderabad,4112,Low
890,Bangalore,1291,High
891,Pune,2644,Low
892,Pune,651,High
893,Delhi,2686,Low
894,Bangalore,2244,Medium
895,Hyderabad,2069,Low
896,Bangalore,3685,Medium
897,Pune,3223,Medium
898,Pune,3344,Medium
899,Bangalore,1309,Low
900,Chennai,4613,Medium
901,Pune,4068,Medium
902,Hyderabad,2922,Low
903,Chennai,3810,Medium
904,Bangalore,4560,Medium
905,Bangalore,650,Medium
906,Hyderabad,3518,Medium
907,Bangalore,1659,High
908,Delhi,4134,High
909,Delhi,2640,High
910,Hyderabad,4176,Medium
911,Bangalore,4172,High
912,Bangalore,4511,Low
913,Pune,2172,Medium
914,Bangalore,3371,Low
915,Delhi,3942,Medium
916,Bangalore,2692,Medium
917,Pune,1592,High
918,Hyderabad,1645,Medium
919,Hyderabad,1450,Low
920,Delhi,4710,High
921,Delhi,3619,Low
922,Hyderabad,3388,High
923,Chennai,4647,Low
924,Hyderabad,4283,Medium
925,Mumbai,991,High
926,Pune,1199,Low
927,Chennai,1201,High
928,Delhi,3177,High
929,Hyderabad,4401,Medium
930,Mumbai,1148,Low
931,Delhi,752,Medium
932,Hyderabad,2184,High
933,Delhi,4393,Medium
934,Bangalore,4318,Medium
935,Mumbai,3827,High
936,Pune,2107,Medium
937,Delhi,3284,Low
938,Chennai,3434,Low
939,Mumbai,2254,Low
940,Bangalore,942,Medium
941,Delhi,2219,Medium
942,Hyderabad,2526,Low
943,Hyderabad,1152,Medium
944,Mumbai,3048,Medium
945,Pune,2285,Medium
946,Chennai,845,Medium
947,Delhi,2106,Medium
948,Hyderabad,2125,High
949,Chennai,4534,High
950,Delhi,2016,Low
951,Hyderabad,2911,Low
952,Hyderabad,1316,High
953,Delhi,4906,High
954,Hyderabad,3205,Low
955,Chennai,1049,Low
956,Chennai,1248,Medium
957,Bangalore,1918,Medium
958,Pune,1726,Medium
959,Mumbai,3185,Low
960,Bangalore,1163,Medium
961,Hyderabad,584,High
962,Delhi,3223,Low
963,Mumbai,3794,High
964,Mumbai,3039,Medium
965,Delhi,1868,Low
966,Hyderabad,1301,High
967,Delhi,3696,Low
968,Chennai,2647,Low
969,Delhi,4568,Low
970,Hyderabad,803,High
971,Mumbai,4072,High
972,Chennai,517,Low
973,Delhi,2082,Low
974,Chennai,3260,Low
975,Bangalore,4626,Low
976,Bangalore,4607,High
977,Chennai,4039,Medium
978,Mumbai,3431,Medium
979,Chennai,1632,Medium
980,Hyderabad,4196,Medium
981,Chennai,4898,Medium
982,Chennai,525,Low
983,Bangalore,3949,High
984,Mumbai,1991,Low
985,Mumbai,1714,Low
986,Pune,2798,Medium
987,Bangalore,4493,Medium
988,Hyderabad,738,High
989,Delhi,2093,High
990,Hyderabad,4030,High
991,Hyderabad,1693,High
992,Chennai,4949,High
993,Hyderabad,1920,High
994,Hyderabad,3469,Medium
995,Delhi,4265,High
996,Chennai,3024,Medium
997,Delhi,3568,Low
998,Hyderabad,671,Medium
999,Chennai,516,Medium
1000,Mumbai,4825,High
1001,Chennai,4847,Low
1002,Mumbai,2077,Low
1003,Delhi,552,High
1004,Hyderabad,2760,Medium
1005,Delhi,4852,High
1006,Bangalore,3477,Medium
1007,Chennai,3436,High
1008,Bangalore,3792,Low
1009,Pune,4107,Low
1010,Bangalore,3452,Low
1011,Hyderabad,924,Medium
1012,Pune,1749,Medium
1013,Chennai,4571,Medium
1014,Delhi,1361,Medium
1015,Hyderabad,2470,Medium
1016,Pune,3270,High
1017,Hyderabad,3964,Medium
1018,Bangalore,4404,Low
1019,Bangalore,2554,Medium
1020,Chennai,1671,Low
1021,Bangalore,1341,High
1022,Pune,3145,Low
1023,Mumbai,1409,Low
1024,Mumbai,529,High
1025,Chennai,2629,Medium
1026,Pune,4645,High
1027,Bangalore,2637,Low
1028,Mumbai,858,Low
1029,Delhi,2926,High
1030,Chennai,1468,Low
1031,Delhi,2773,Low
1032,Hyderabad,4824,Low
1033,Hyderabad,3906,Medium
1034,Bangalore,4533,Low
1035,Chennai,991,Low
1036,Chennai,4808,Medium
1037,Mumbai,3980,High
1038,Chennai,2387,Low
1039,Pune,569,Low
1040,Chennai,2179,Medium
1041,Delhi,4808,Low
1042,Chennai,1306,High
1043,Mumbai,4978,Low
1044,Hyderabad,2658,High
1045,Delhi,4946,Low
1046,Mumbai,952,Medium
1047,Pune,3486,High
1048,Bangalore,877,Low
1049,Delhi,1654,High
1050,Chennai,1141,Medium
1051,Pune,4628,High
1052,Delhi,2373,High
1053,Bangalore,3692,Low
1054,Pune,4268,Medium
1055,Mumbai,3196,Low
1056,Chennai,4153,Low
1057,Delhi,1026,Low
1058,Hyderabad,1031,High
1059,Chennai,3213,High
1060,Pune,4137,Medium
1061,Chennai,1553,High
1062,Chennai,4204,High
1063,Hyderabad,3065,Low
1064,Chennai,3097,Medium
1065,Chennai,2383,Low
1066,Mumbai,3057,High
1067,Mumbai,2361,Low
1068,Bangalore,4591,High
1069,Delhi,3391,High
1070,Mumbai,2472,Medium
1071,Mumbai,737,Low
1072,Mumbai,2124,Low
1073,Chennai,3648,Medium
1074,Delhi,2061,Low
1075,Mumbai,1314,High
1076,Delhi,3935,High
1077,Chennai,4613,Low
1078,Hyderabad,2240,High
1079,Mumbai,1867,High
1080,Pune,3224,High
1081,Delhi,3058,High
1082,Chennai,734,Low
1083,Pune,3585,Medium
1084,Mumbai,4470,Low
1085,Hyderabad,3894,Low
1086,Delhi,1765,Medium
1087,Chennai,3669,Low
1088,Hyderabad,2473,High
1089,Delhi,4049,Medium
1090,Delhi,1729,High
1091,Pune,4042,Low
1092,Bangalore,4831,Medium
1093,Chennai,1678,Low
1094,Pune,3141,High
1095,Bangalore,3195,High
1096,Hyderabad,1823,Low
1097,Hyderabad,4565,Low
1098,Pune,1728,Medium
1099,Chennai,1102,High
1100,Mumbai,1697,Medium
1101,Mumbai,4127,Low
1102,Pune,1710,High
1103,Delhi,1055,High
1104,Delhi,3645,High
1105,Pune,1094,Low
1106,Hyderabad,2093,Low
1107,Pune,2805,Medium
1108,Chennai,1603,Medium
1109,Bangalore,4437,Medium
1110,Mumbai,4377,Medium
1111,Mumbai,4722,Low
1112,Hyderabad,1130,Medium
1113,Hyderabad,1390,Medium
1114,Delhi,2050,Medium
1115,Bangalore,3325,Medium
1116,Chennai,3561,Medium
1117,Hyderabad,2653,Low
1118,Hyderabad,3574,High
1119,Chennai,1858,Low
1120,Mumbai,4876,Medium
1121,Delhi,4435,Low
1122,Mumbai,2212,Medium
1123,Mumbai,962,Low
1124,Bangalore,4476,High
1125,Chennai,3090,Low
1126,Chennai,2841,Low
1127,Delhi,2043,Low
1128,Bangalore,2790,High
1129,Bangalore,3646,Low
1130,Pune,1291,Medium
1131,Hyderabad,2677,High
1132,Pune,972,Low
1133,Chennai,4294,High
1134,Bangalore,2729,Low
1135,Hyderabad,3423,Low
1136,Bangalore,881,Low
1137,Pune,1176,Medium
1138,Pune,4621,Medium
1139,Pune,1160,High
1140,Hyderabad,3245,Low
1141,Mumbai,1361,Medium
1142,Pune,4468,Medium
1143,Chennai,1352,High
1144,Mumbai,3495,Medium
1145,Bangalore,2643,Low
1146,Delhi,2014,High
1147,Chennai,690,High
1148,Pune,3002,Low
1149,Bangalore,2177,Low
1150,Pune,940,Low
1151,Bangalore,3520,High
1152,Hyderabad,3997,Medium
1153,Pune,747,Medium
1154,Hyderabad,2613,Medium
1155,Pune,749,Low
1156,Pune,2328,High
1157,Bangalore,532,High
1158,Hyderabad,1666,Medium
1159,Pune,4573,Low
1160,Hyderabad,1631,Low
1161,Bangalore,3922,Low
1162,Chennai,4775,Low
1163,Pune,4192,Low
1164,Bangalore,2213,Low
1165,Pune,1299,Medium
1166,Mumbai,3048,Medium
1167,Mumbai,1784,High
1168,Delhi,1680,Low
1169,Mumbai,2430,High
1170,Delhi,1626,Medium
1171,Mumbai,2873,High
1172,Mumbai,4301,Low
1173,Chennai,1002,Medium
1174,Chennai,4829,Medium
1175,Chennai,4730,Medium
1176,Chennai,2986,Medium
1177,Pune,3948,High
1178,Mumbai,3879,Low
1179,Bangalore,850,High
1180,Mumbai,1402,Low
1181,Delhi,1270,High
1182,Delhi,2664,High
1183,Hyderabad,3706,Medium
1184,Hyderabad,1741,High
1185,Pune,2894,High
1186,Chennai,1713,High
1187,Mumbai,4911,High
1188,Chennai,559,Medium
1189,Chennai,4775,Low
1190,Delhi,3990,Low
1191,Hyderabad,2545,Medium
1192,Mumbai,2016,Medium
1193,Mumbai,1824,Medium
1194,Bangalore,630,High
1195,Delhi,3860,Low
1196,Delhi,4260,High
1197,Delhi,3882,Medium
1198,Bangalore,1519,Medium
1199,Mumbai,3575,Medium
1200,Chennai,2563,Low
1201,Delhi,3217,Medium
1202,Bangalore,2917,Low
1203,Pune,2533,Low
1204,Delhi,4215,High
1205,Bangalore,818,Medium
1206,Mumbai,3139,Low
1207,Pune,1415,Low
1208,Hyderabad,1264,High
1209,Hyderabad,2809,High
1210,Pune,2779,High
1211,Bangalore,3270,High
1212,Bangalore,1191,Low
1213,Hyderabad,3128,High
1214,Bangalore,2356,High
1215,Hyderabad,2677,Low
1216,Pune,1166,High
1217,Bangalore,4922,Low
1218,Pune,3279,High
1219,Bangalore,4729,High
1220,Chennai,1744,Medium
1221,Pune,1246,Low
1222,Bangalore,993,High
1223,Bangalore,1728,Medium
1224,Pune,3550,Medium
1225,Bangalore,2762,Medium
1226,Chennai,3848,High
1227,Pune,3834,High
1228,Chennai,3742,Medium
1229,Delhi,3073,Medium
1230,Bangalore,3903,Medium
1231,Bangalore,1376,High
1232,Hyderabad,3371,Medium
1233,Delhi,2643,Low
1234,Chennai,1564,High
1235,Pune,4819,High
1236,Mumbai,3415,Low
1237,Mumbai,4645,Medium
1238,Pune,2343,Medium
1239,Hyderabad,1212,Low
1240,Delhi,1620,High
1241,Hyderabad,3412,High
1242,Hyderabad,4372,Medium
1243,Chennai,2349,Low
1244,Delhi,850,High
1245,Delhi,1033,High
1246,Delhi,4483,Medium
1247,Pune,1612,Low
1248,Hyderabad,4660,High
1249,Bangalore,511,Low
1250,Bangalore,4111,Low
1251,Delhi,704,Medium
1252,Delhi,4736,Medium
1253,Chennai,1327,Low
1254,Hyderabad,4633,High
1255,Hyderabad,3309,High
1256,Chennai,4034,High
1257,Bangalore,2629,Medium
1258,Pune,3310,Low
1259,Bangalore,3808,Low
1260,Delhi,3303,High
1261,Mumbai,1010,High
1262,Pune,1637,Medium
1263,Pune,543,Medium
1264,Chennai,1727,Medium
1265,Mumbai,1100,High
1266,Pune,2349,Low
1267,Chennai,1618,Low
1268,Pune,1273,High
1269,Delhi,988,Medium
1270,Mumbai,3918,Low
1271,Mumbai,4193,Medium
1272,Chennai,4834,High
1273,Chennai,4357,High
1274,Hyderabad,3610,Low
1275,Mumbai,4174,Medium
1276,Bangalore,3199,High
1277,Bangalore,2718,Medium
1278,Hyderabad,4968,Low
1279,Hyderabad,2766,Low
1280,Pune,3948,High
1281,Hyderabad,2455,Medium
1282,Mumbai,697,Low
1283,Mumbai,2396,Medium
1284,Pune,2111,High
1285,Mumbai,784,High
1286,Pune,4415,High
1287,Hyderabad,3477,Low
1288,Chennai,4971,Medium
1289,Delhi,1298,Medium
1290,Delhi,1103,Low
1291,Bangalore,4709,High
1292,Delhi,2943,High
1293,Chennai,3345,Medium
1294,Mumbai,3480,Low
1295,Delhi,604,High
1296,Mumbai,523,Medium
1297,Pune,3486,Medium
1298,Delhi,4149,High
1299,Bangalore,678,Medium
1300,Chennai,810,Medium
1301,Chennai,1241,Low
1302,Chennai,2433,High
1303,Delhi,3920,Low
1304,Mumbai,2031,Medium
1305,Bangalore,1003,Low
1306,Hyderabad,1801,Low
1307,Bangalore,1272,Low
1308,Delhi,703,Low
1309,Mumbai,3630,Low
1310,Chennai,889,Low
1311,Delhi,1192,Medium
1312,Delhi,3338,High
1313,Delhi,3201,Medium
1314,Chennai,2538,High
1315,Delhi,3462,Low
1316,Pune,2041,Low
1317,Pune,3606,High
1318,Bangalore,3298,High
1319,Chennai,1859,High
1320,Mumbai,4429,Medium
1321,Bangalore,3005,High
1322,Mumbai,4107,High
1323,Hyderabad,1162,High
1324,Pune,1324,Low
1325,Bangalore,1740,High
1326,Delhi,507,Medium
1327,Pune,4971,High
1328,Pune,2756,Low
1329,Delhi,4714,High
1330,Pune,1193,Medium
1331,Pune,4370,Low
1332,Pune,2461,Medium
1333,Delhi,4018,Low
1334,Mumbai,2701,High
1335,Delhi,631,Medium
1336,Hyderabad,3860,High
1337,Mumbai,4585,Medium
1338,Chennai,3596,Medium
1339,Hyderabad,792,Low
1340,Pune,2171,Low
1341,Delhi,2827,High
1342,Hyderabad,1692,Medium
1343,Delhi,2137,Low
1344,Chennai,2521,Medium
1345,Chennai,3794,High
1346,Mumbai,1460,Medium
1347,Delhi,1612,Low
1348,Delhi,1265,Medium
1349,Pune,2267,Medium
1350,Bangalore,767,Low
1351,Hyderabad,2916,Medium
1352,Hyderabad,4291,Medium
1353,Mumbai,3605,Medium
1354,Mumbai,2768,Medium
1355,Hyderabad,1879,High
1356,Chennai,672,Medium
1357,Delhi,4379,Low
1358,Bangalore,3024,Medium
1359,Hyderabad,2550,Medium
1360,Bangalore,3891,Low
1361,Pune,3053,Medium
1362,Mumbai,3963,Low
1363,Bangalore,634,Low
1364,Bangalore,1596,Medium
1365,Bangalore,1882,Low
1366,Bangalore,608,High
1367,Delhi,4269,Low
1368,Delhi,509,Medium
1369,Hyderabad,2222,Low
1370,Pune,4611,High
1371,Bangalore,3759,High
1372,Delhi,3172,Low
1373,Chennai,4343,High
1374,Delhi,3799,Low
1375,Hyderabad,1617,Low
1376,Delhi,981,High
1377,Mumbai,3949,Low
1378,Pune,1098,Medium
1379,Chennai,4283,Medium
1380,Hyderabad,4225,High
1381,Hyderabad,2481,High
1382,Delhi,974,Low
1383,Mumbai,4274,Low
1384,Delhi,3170,High
1385,Hyderabad,2322,Medium
1386,Hyderabad,4085,Medium
1387,Chennai,4623,Medium
1388,Pune,4518,Low
1389,Mumbai,3015,High
1390,Chennai,1276,High
1391,Bangalore,3341,High
1392,Bangalore,3110,Medium
1393,Chennai,3432,Medium
1394,Hyderabad,2940,Low
1395,Pune,3884,Medium
1396,Bangalore,1751,Medium
1397,Pune,3063,Low
1398,Hyderabad,3150,Low
1399,Mumbai,2662,Low
1400,Mumbai,556,Low
1401,Hyderabad,4677,Low
1402,Mumbai,913,Low
1403,Bangalore,2295,High
1404,Hyderabad,2439,High
1405,Hyderabad,1637,Medium
1406,Bangalore,5000,High
1407,Mumbai,4256,Low
1408,Bangalore,4590,High
1409,Pune,680,Low
1410,Chennai,1762,Low
1411,Hyderabad,854,High
1412,Chennai,1725,Low
1413,Bangalore,2167,Low
1414,Chennai,1832,Low
1415,Bangalore,2372,High
1416,Pune,4661,Medium
1417,Mumbai,3654,High
1418,Delhi,1543,High
1419,Chennai,3700,Low
1420,Hyderabad,3363,Low
1421,Chennai,2800,High
1422,Pune,1730,Low
1423,Mumbai,738,High
1424,Hyderabad,3275,Low
1425,Bangalore,3585,Low
1426,Pune,3194,Low
1427,Pune,758,Low
1428,Chennai,1048,High
1429,Delhi,2232,Medium
1430,Hyderabad,4886,High
1431,Delhi,1492,High
1432,Mumbai,3263,Low
1433,Bangalore,4181,High
1434,Bangalore,2769,Medium
1435,Hyderabad,1928,Medium
1436,Delhi,2429,High
1437,Chennai,2817,Medium
1438,Bangalore,3940,High
1439,Bangalore,2584,Low
1440,Delhi,2157,Medium
1441,Pune,4056,Medium
1442,Mumbai,4089,Medium
1443,Pune,1590,Medium
1444,Bangalore,1300,High
1445,Mumbai,3198,Low
1446,Bangalore,2460,Low
1447,Bangalore,4641,Medium
1448,Mumbai,3735,Low
1449,Mumbai,2857,Medium
1450,Bangalore,1735,High
1451,Mumbai,3085,High
1452,Pune,2266,Low
1453,Bangalore,4226,Medium
1454,Hyderabad,4150,High
1455,Bangalore,3853,High
1456,Hyderabad,3254,High
1457,Bangalore,936,High
1458,Chennai,3136,Low
1459,Pune,3135,Medium
1460,Mumbai,3072,Low
1461,Chennai,4104,Low
1462,Hyderabad,3002,Low
1463,Pune,2596,Medium
1464,Bangalore,2321,Medium
1465,Pune,3137,Medium
1466,Delhi,3223,Low
1467,Hyderabad,2258,Low
1468,Pune,4157,Medium
1469,Hyderabad,2409,Medium
1470,Bangalore,3129,High
1471,Pune,3258,High
1472,Bangalore,4390,Medium
1473,Bangalore,1293,Medium
1474,Hyderabad,2217,High
1475,Delhi,4969,Medium
1476,Bangalore,1580,High
1477,Bangalore,1306,Medium
1478,Pune,4514,Medium
1479,Bangalore,1090,Low
1480,Hyderabad,1912,High
1481,Mumbai,4931,High
1482,Hyderabad,745,Low
1483,Pune,1490,Medium
1484,Pune,4980,High
1485,Pune,2196,Medium
1486,Hyderabad,2769,Low
1487,Chennai,1645,High
1488,Pune,1374,Medium
1489,Bangalore,2792,Medium
1490,Hyderabad,4404,Low
1491,Pune,1963,Medium
1492,Bangalore,1716,High
1493,Bangalore,3589,Medium
1494,Mumbai,1378,High
1495,Chennai,3315,Medium
1496,Pune,3649,High
1497,Hyderabad,4884,Low
1498,Mumbai,1391,High
1499,Pune,4943,Low
1500,Delhi,2681,Medium
1501,Bangalore,2167,Medium
1502,Hyderabad,3135,Medium
1503,Hyderabad,1170,Medium
1504,Mumbai,1316,Low
1505,Delhi,605,High
1506,Pune,1506,Medium
1507,Chennai,4581,High
1508,Hyderabad,2938,Low
1509,Mumbai,2352,Low
1510,Pune,1626,Low
1511,Bangalore,3181,Medium
1512,Delhi,3548,High
1513,Hyderabad,1873,Medium
1514,Delhi,3636,Medium
1515,Hyderabad,514,High
1516,Mumbai,962,Low
1517,Bangalore,3218,Low
1518,Mumbai,3614,High
1519,Mumbai,2773,Low
1520,Mumbai,1248,Low
1521,Mumbai,888,High
1522,Pune,2678,Low
1523,Delhi,3453,Low
1524,Pune,3018,Medium
1525,Hyderabad,2229,Low
1526,Mumbai,588,High
1527,Chennai,4398,Low
1528,Bangalore,3324,Medium
1529,Mumbai,3532,Low
1530,Mumbai,4513,Medium
1531,Chennai,1082,High
1532,Bangalore,3558,Low
1533,Bangalore,2522,Low
1534,Pune,3759,Low
1535,Delhi,2972,Low
1536,Hyderabad,3547,High
1537,Bangalore,4507,Low
1538,Pune,2194,Medium
1539,Delhi,2857,Medium
1540,Hyderabad,1777,Low
1541,Delhi,4195,High
1542,Pune,2231,Medium
1543,Mumbai,3500,Low
1544,Delhi,3921,High
1545,Delhi,2158,High
1546,Delhi,536,Low
1547,Delhi,1082,Low
1548,Pune,613,Low
1549,Mumbai,693,Low
1550,Mumbai,647,Medium
1551,Bangalore,3086,High
1552,Mumbai,3689,High
1553,Chennai,947,Medium
1554,Hyderabad,879,Medium
1555,Delhi,4020,Medium
1556,Mumbai,629,Low
1557,Bangalore,611,Medium
1558,Bangalore,4198,Medium
1559,Mumbai,2307,High
1560,Hyderabad,524,Low
1561,Pune,2945,Low
1562,Mumbai,3017,High
1563,Pune,4857,High
1564,Mumbai,2483,High
1565,Mumbai,3281,High
1566,Delhi,3765,High
1567,Bangalore,1577,Medium
1568,Pune,2688,Medium
1569,Bangalore,3153,Low
1570,Bangalore,2672,Medium
1571,Chennai,807,High
1572,Mumbai,3477,Low
1573,Pune,1223,Low
1574,Chennai,3082,Medium
1575,Delhi,3399,Low
1576,Chennai,2776,Low
1577,Mumbai,4781,High
1578,Mumbai,1053,High
1579,Chennai,3790,Low
1580,Chennai,3261,High
1581,Hyderabad,4238,Medium
1582,Bangalore,2476,Low
1583,Mumbai,2776,Low
1584,Mumbai,2301,Low
1585,Hyderabad,652,High
1586,Bangalore,1128,Medium
1587,Pune,2822,Low
1588,Delhi,3762,Low
1589,Pune,1680,Low
1590,Chennai,3069,Low
1591,Hyderabad,1929,Medium
1592,Mumbai,2920,High
1593,Chennai,4969,High
1594,Pune,2889,Low
1595,Hyderabad,3796,High
1596,Mumbai,2405,High
1597,Pune,3113,High
1598,Chennai,3481,High
1599,Pune,4111,Medium
1600,Bangalore,2388,Medium
1601,Mumbai,2974,Medium
1602,Pune,1608,Medium
1603,Delhi,1917,High
1604,Hyderabad,759,Medium
1605,Delhi,2318,Medium
1606,Pune,2138,High
1607,Bangalore,3893,Low
1608,Mumbai,2589,Low
1609,Mumbai,3343,Medium
1610,Bangalore,4218,High
1611,Delhi,3367,Low
1612,Chennai,4673,Low
1613,Pune,3485,Low
1614,Hyderabad,2062,Medium
1615,Bangalore,3773,Medium
1616,Bangalore,1171,Low
1617,Pune,2379,Low
1618,Delhi,4465,Low
1619,Pune,3653,High
1620,Delhi,3638,High
1621,Bangalore,1204,Low
1622,Mumbai,3667,High
1623,Pune,4978,Medium
1624,Mumbai,1661,High
1625,Bangalore,3444,High
1626,Chennai,1884,Medium
1627,Pune,1549,High
1628,Chennai,2981,High
1629,Pune,1231,Medium
1630,Pune,2739,Medium
1631,Pune,4270,Low
1632,Bangalore,2407,Low
1633,Chennai,2410,Low
1634,Delhi,3374,Low
1635,Chennai,4001,Medium
1636,Mumbai,837,High
1637,Pune,1070,Low
1638,Mumbai,4208,Low
1639,Delhi,2516,Medium
1640,Pune,3468,High
1641,Chennai,2352,Medium
1642,Mumbai,1535,High
1643,Mumbai,814,Low
1644,Chennai,4971,High
1645,Delhi,1892,High
1646,Delhi,4049,High
1647,Mumbai,4609,Low
1648,Pune,3824,High
1649,Hyderabad,987,High
1650,Pune,2991,Medium
1651,Chennai,3420,Medium
1652,Bangalore,3437,High
1653,Pune,4292,Low
1654,Bangalore,4179,Low
1655,Hyderabad,3721,Medium
1656,Mumbai,3508,High
1657,Delhi,997,High
1658,Pune,2224,Medium
1659,Pune,1819,Low
1660,Hyderabad,1689,Low
1661,Delhi,3943,High
1662,Hyderabad,4498,High
1663,Chennai,3026,Medium
1664,Hyderabad,903,Low
1665,Bangalore,3378,High
1666,Mumbai,593,Low
1667,Hyderabad,512,Medium
1668,Hyderabad,2815,High
1669,Chennai,3229,Medium
1670,Hyderabad,4897,Low
1671,Pune,4687,Medium
1672,Bangalore,1478,Low
1673,Delhi,2775,Low
1674,Hyderabad,3613,Low
1675,Hyderabad,4758,High
1676,Mumbai,2615,Low
1677,Mumbai,3682,Low
1678,Hyderabad,4122,High
1679,Pune,2484,High
1680,Hyderabad,1909,Medium
1681,Chennai,1778,High
1682,Chennai,3362,High
1683,Pune,1601,High
1684,Pune,4195,Medium
1685,Bangalore,1256,High
1686,Pune,2580,Low
1687,Pune,1792,High
1688,Delhi,3586,Low
1689,Hyderabad,4899,High
1690,Pune,2764,Low
1691,Chennai,2169,High
1692,Hyderabad,4292,Low
1693,Bangalore,3132,Low
1694,Pune,4901,Medium
1695,Chennai,3035,High
1696,Chennai,1464,High
1697,Hyderabad,1155,High
1698,Hyderabad,3666,Medium
1699,Delhi,2934,Medium
1700,Bangalore,563,Low
1701,Hyderabad,3479,High
1702,Chennai,1585,Medium
1703,Chennai,3439,Low
1704,Delhi,3871,High
1705,Mumbai,1281,High
1706,Mumbai,4554,Medium
1707,Delhi,2707,Low
1708,Chennai,1303,Medium
1709,Hyderabad,4397,High
1710,Hyderabad,4110,Low
1711,Hyderabad,3530,Medium
1712,Hyderabad,1272,Low
1713,Chennai,2384,Medium
1714,Delhi,3459,Medium
1715,Bangalore,1351,High
1716,Mumbai,1634,Medium
1717,Pune,2504,Medium
1718,Bangalore,1581,Low
1719,Chennai,3241,Medium
1720,Mumbai,4726,Low
1721,Chennai,2350,High
1722,Chennai,841,Low
1723,Bangalore,1574,High
1724,Chennai,3374,High
1725,Mumbai,2129,Medium
1726,Mumbai,2564,Medium
1727,Mumbai,4962,High
1728,Bangalore,3909,Medium
1729,Mumbai,3348,High
1730,Hyderabad,1506,High
1731,Pune,4980,High
1732,Delhi,893,Low
1733,Mumbai,4254,Medium
1734,Mumbai,4810,Medium
1735,Pune,3217,Low
1736,Delhi,1092,Low
1737,Hyderabad,4189,Low
1738,Delhi,3438,High
1739,Mumbai,936,High
1740,Pune,1409,Low
1741,Bangalore,3255,Low
1742,Pune,3903,High
1743,Chennai,3910,High
1744,Bangalore,2601,Medium
1745,Pune,4137,Medium
1746,Bangalore,4146,Medium
1747,Mumbai,3120,Low
1748,Mumbai,2358,High
1749,Delhi,1993,Medium
1750,Hyderabad,618,High
1751,Bangalore,1960,Low
1752,Bangalore,2741,High
1753,Bangalore,724,Medium
1754,Mumbai,2360,High
1755,Hyderabad,2469,Low
1756,Bangalore,2519,Low
1757,Chennai,747,Low
1758,Bangalore,4921,High
1759,Bangalore,3432,High
1760,Chennai,1763,Medium
1761,Mumbai,2576,Medium
1762,Delhi,4483,High
1763,Chennai,4991,Low
1764,Delhi,4752,Low
1765,Pune,2391,Medium
1766,Mumbai,995,Medium
1767,Pune,3649,High
1768,Pune,4932,Low
1769,Pune,3201,High
1770,Delhi,2274,Low
1771,Mumbai,3594,Low
1772,Chennai,4951,Medium
1773,Hyderabad,2691,Low
1774,Bangalore,1989,Medium
1775,Pune,2681,High
1776,Delhi,4561,Low
1777,Pune,4855,Medium
1778,Pune,3641,Low
1779,Delhi,2474,Low
1780,Delhi,3684,Medium
1781,Pune,3618,High
1782,Bangalore,1045,Medium
1783,Mumbai,3476,Low
1784,Bangalore,3486,Medium
1785,Chennai,3572,Medium
1786,Pune,1171,Low
1787,Delhi,1515,Medium
1788,Pune,4212,High
1789,Mumbai,3017,High
1790,Pune,3214,Medium
1791,Hyderabad,1362,High
1792,Pune,1952,Medium
1793,Hyderabad,1976,High
1794,Chennai,4687,Low
1795,Hyderabad,1426,Low
1796,Bangalore,1400,Low
1797,Mumbai,801,Medium
1798,Chennai,4981,Medium
1799,Pune,1723,High
1800,Pune,2116,High
1801,Chennai,4463,Medium
1802,Delhi,4412,Low
1803,Pune,1399,High
1804,Chennai,1176,Low
1805,Hyderabad,3193,High
1806,Mumbai,1125,Low
1807,Chennai,3763,Low
1808,Hyderabad,2095,High
1809,Chennai,1611,Low
1810,Bangalore,2569,Medium
1811,Hyderabad,2769,Medium
1812,Pune,1335,Medium
1813,Bangalore,751,High
1814,Hyderabad,1761,High
1815,Chennai,4435,High
1816,Mumbai,4895,Medium
1817,Mumbai,987,High
1818,Pune,2686,Low
1819,Mumbai,4551,Medium
1820,Bangalore,3782,Medium
1821,Delhi,2250,Low
1822,Mumbai,1546,Medium
1823,Hyderabad,4592,Low
1824,Mumbai,2670,High
1825,Pune,2583,High
1826,Chennai,3790,High
1827,Hyderabad,3672,Low
1828,Pune,3907,Low
1829,Bangalore,2289,High
1830,Mumbai,1724,Medium
1831,Chennai,861,Low
1832,Mumbai,2209,Low
1833,Bangalore,2268,Medium
1834,Delhi,2569,Medium
1835,Delhi,2487,Medium
1836,Chennai,4348,High
1837,Bangalore,3064,High
1838,Hyderabad,2744,Medium
1839,Bangalore,1399,High
1840,Hyderabad,4943,High
1841,Chennai,4404,High
1842,Hyderabad,2143,Low
1843,Mumbai,3237,Low
1844,Chennai,3303,High
1845,Bangalore,2133,High
1846,Chennai,1346,High
1847,Mumbai,2070,Medium
1848,Mumbai,4282,Low
1849,Mumbai,2794,High
1850,Bangalore,1935,High
1851,Bangalore,2136,High
1852,Mumbai,4369,Low
1853,Hyderabad,719,Medium
1854,Bangalore,542,High
1855,Bangalore,4948,High
1856,Chennai,1739,Low
1857,Hyderabad,1353,High
1858,Hyderabad,2567,Low
1859,Hyderabad,924,Low
1860,Chennai,2375,Medium
1861,Hyderabad,4700,High
1862,Hyderabad,901,Medium
1863,Mumbai,3936,Low
1864,Hyderabad,4307,High
1865,Chennai,3302,Medium
1866,Mumbai,2564,High
1867,Pune,1268,High
1868,Chennai,1946,Medium
1869,Chennai,4873,Medium
1870,Mumbai,4883,High
1871,Bangalore,4385,Low
1872,Chennai,1554,Low
1873,Chennai,723,High
1874,Chennai,2186,Medium
1875,Pune,1068,Medium
1876,Bangalore,3679,Medium
1877,Delhi,3693,Medium
1878,Delhi,954,Medium
1879,Mumbai,2110,Medium
1880,Bangalore,691,Low
1881,Delhi,1637,Low
1882,Hyderabad,3870,Low
1883,Hyderabad,2568,Medium
1884,Chennai,3721,Medium
1885,Chennai,3872,Low
1886,Hyderabad,3423,Medium
1887,Delhi,1819,Medium
1888,Delhi,820,Low
1889,Mumbai,572,High
1890,Delhi,4169,High
1891,Bangalore,4376,High
1892,Mumbai,2723,High
1893,Chennai,3341,Medium
1894,Hyderabad,1070,Low
1895,Delhi,3927,High
1896,Bangalore,758,High
1897,Delhi,3478,Low
1898,Mumbai,4575,Low
1899,Pune,2470,Medium
1900,Mumbai,1318,Medium
1901,Chennai,2040,Medium
1902,Delhi,3161,Medium
1903,Chennai,2466,High
1904,Pune,2150,Medium
1905,Delhi,4886,High
1906,Bangalore,1687,Low
1907,Bangalore,3900,High
1908,Chennai,3832,High
1909,Bangalore,3300,High
1910,Chennai,2075,High
1911,Bangalore,4751,High
1912,Hyderabad,1421,High
1913,Bangalore,4736,Medium
1914,Chennai,2576,High
1915,Delhi,3443,Low
1916,Mumbai,4655,High
1917,Chennai,3544,High
1918,Hyderabad,4983,Medium
1919,Mumbai,1972,High
1920,Hyderabad,2783,Low
1921,Mumbai,1815,Low
1922,Hyderabad,1168,Medium
1923,Delhi,1326,High
1924,Delhi,3863,Low
1925,Mumbai,3242,Medium
1926,Pune,2437,Low
1927,Chennai,915,Low
1928,Hyderabad,1180,Low
1929,Mumbai,889,Low
1930,Delhi,2977,Low
1931,Pune,2044,High
1932,Bangalore,4216,Low
1933,Chennai,2797,High
1934,Pune,4340,Low
1935,Chennai,4533,High
1936,Delhi,954,Medium
1937,Pune,3469,Low
1938,Mumbai,2681,Low
1939,Chennai,1185,Low
1940,Chennai,768,High
1941,Delhi,4385,Low
1942,Bangalore,618,Low
1943,Delhi,3096,Low
1944,Chennai,3997,Medium
1945,Pune,4159,Low
1946,Hyderabad,2079,Medium
1947,Hyderabad,1294,High
1948,Bangalore,1717,High
1949,Delhi,2346,Low
1950,Chennai,3264,Low
1951,Pune,2850,High
1952,Hyderabad,4898,Low
1953,Delhi,2710,Medium
1954,Bangalore,4950,High
1955,Bangalore,3527,High
1956,Bangalore,4795,High
1957,Chennai,2709,Low
1958,Pune,3142,Medium
1959,Hyderabad,2302,Medium
1960,Delhi,933,Medium
1961,Hyderabad,4764,Medium
1962,Hyderabad,3434,Medium
1963,Hyderabad,4204,High
1964,Hyderabad,4130,Medium
1965,Delhi,4674,Low
1966,Delhi,3103,High
1967,Delhi,3053,Medium
1968,Mumbai,4426,Medium
1969,Chennai,721,Low
1970,Bangalore,1125,Low
1971,Bangalore,3077,Medium
1972,Mumbai,1244,High
1973,Chennai,3125,High
1974,Hyderabad,3502,Low
1975,Hyderabad,3708,High
1976,Chennai,4769,Low
1977,Delhi,1018,Low
1978,Chennai,2586,Medium
1979,Chennai,2499,Medium
1980,Pune,4665,Low
1981,Hyderabad,1332,Low
1982,Bangalore,1905,Medium
1983,Hyderabad,845,Medium
1984,Chennai,1969,Medium
1985,Bangalore,3811,High
1986,Pune,1390,High
1987,Chennai,2820,High
1988,Hyderabad,2174,Low
1989,Delhi,2786,High
1990,Pune,2891,Medium
1991,Delhi,2959,High
1992,Hyderabad,3338,Low
1993,Delhi,3453,Medium
1994,Pune,676,High
1995,Chennai,4198,Medium
1996,Chennai,1057,Medium
1997,Delhi,4339,High
1998,Delhi,3312,Medium
1999,Bangalore,1360,High
